,109,110,112,109,,,,,,,,,,,,,,,100000,100
Price,"""too cheap""","""cheap""","""expensive""","""too expensive""",,"""too cheap""
cumulative","""too cheap""
(%)","""cheap""
cumulative","""cheap""
(%)","""expensive""
cumulated","""expensive""
(%)","""too expensive""
cumulated","""too expensive""
(%)",,"""not cheap""
(%)","""not expensive""
(%)",,"""price ok""",Revenue,Margin
39,1,0,0,0,,109,1,110,1,0,0,0,0,,0,1,,0,0,0
50,7,1,0,0,,108,0.9908256880733946,109,0.990909090909091,0,0,0,0,,0.009090909090909038,1,,0.00917431192660545,45871.559633027246,-45871.559633027246
55,0,0,1,0,,101,0.926605504587156,109,0.990909090909091,1,0.008928571428571428,0,0,,0.009090909090909038,0.9910714285714286,,0.07339449541284404,403669.72477064223,-330275.2293577982
56,0,0,0,1,,101,0.926605504587156,109,0.990909090909091,1,0.008928571428571428,1,0.009174311926605505,,0.009090909090909038,0.9910714285714286,,0.06422018348623854,359633.0275229358,-282568.80733944953
65,1,0,0,0,,101,0.926605504587156,109,0.990909090909091,1,0.008928571428571428,1,0.009174311926605505,,0.009090909090909038,0.9910714285714286,,0.06422018348623854,417431.19266055047,-224770.64220183488
78,1,0,0,0,,100,0.9174311926605505,109,0.990909090909091,1,0.008928571428571428,1,0.009174311926605505,,0.009090909090909038,0.9910714285714286,,0.07339449541284399,572477.0642201831,-161467.88990825677
80,1,0,0,0,,99,0.908256880733945,109,0.990909090909091,1,0.008928571428571428,1,0.009174311926605505,,0.009090909090909038,0.9910714285714286,,0.08256880733944955,660550.4587155964,-165137.6146788991
98,1,0,0,0,,98,0.8990825688073395,109,0.990909090909091,1,0.008928571428571428,1,0.009174311926605505,,0.009090909090909038,0.9910714285714286,,0.091743119266055,899082.568807339,-18348.623853211
99,6,0,0,0,,97,0.8899082568807339,109,0.990909090909091,1,0.008928571428571428,1,0.009174311926605505,,0.009090909090909038,0.9910714285714286,,0.10091743119266056,999082.5688073395,-10091.743119266055
100,18,1,0,1,,91,0.8348623853211009,108,0.9818181818181818,1,0.008928571428571428,2,0.01834862385321101,,0.018181818181818188,0.9910714285714286,,0.14678899082568808,1467889.9082568807,0
120,0,2,0,0,,73,0.6697247706422018,106,0.9636363636363636,1,0.008928571428571428,2,0.01834862385321101,,0.036363636363636376,0.9910714285714286,,0.3119266055045872,3743119.266055046,623853.2110091744
129,1,0,0,0,,73,0.6697247706422018,106,0.9636363636363636,1,0.008928571428571428,2,0.01834862385321101,,0.036363636363636376,0.9910714285714286,,0.3119266055045872,4023853.2110091746,904587.1559633028
130,0,1,0,0,,72,0.6605504587155964,105,0.9545454545454546,1,0.008928571428571428,2,0.01834862385321101,,0.045454545454545414,0.9910714285714286,,0.3211009174311926,4174311.926605504,963302.7522935779
149,4,1,0,0,,72,0.6605504587155964,104,0.9454545454545454,1,0.008928571428571428,2,0.01834862385321101,,0.054545454545454564,0.9910714285714286,,0.3211009174311926,4784403.66972477,1573394.4954128438
150,11,4,2,0,,68,0.6238532110091743,100,0.9090909090909091,3,0.026785714285714284,2,0.01834862385321101,,0.09090909090909094,0.9732142857142857,,0.35779816513761464,5366972.477064219,1788990.8256880732
158,0,1,0,0,,57,0.5229357798165137,99,0.9,3,0.026785714285714284,2,0.01834862385321101,,0.09999999999999998,0.9732142857142857,,0.45871559633027525,7247706.422018349,2660550.4587155967
159,0,1,0,0,,57,0.5229357798165137,98,0.8909090909090909,3,0.026785714285714284,2,0.01834862385321101,,0.10909090909090913,0.9732142857142857,,0.45871559633027525,7293577.981651377,2706422.018348624
170,0,1,0,0,,57,0.5229357798165137,97,0.8818181818181818,3,0.026785714285714284,2,0.01834862385321101,,0.11818181818181817,0.9732142857142857,,0.45871559633027525,7798165.1376146795,3211009.1743119266
179,0,1,0,0,,57,0.5229357798165137,96,0.8727272727272727,3,0.026785714285714284,2,0.01834862385321101,,0.12727272727272732,0.9732142857142857,,0.45871559633027525,8211009.1743119275,3623853.2110091746
183,1,0,0,0,,57,0.5229357798165137,96,0.8727272727272727,3,0.026785714285714284,2,0.01834862385321101,,0.12727272727272732,0.9732142857142857,,0.45871559633027525,8394495.412844038,3807339.4495412847
190,1,0,0,0,,56,0.5137614678899083,96,0.8727272727272727,3,0.026785714285714284,2,0.01834862385321101,,0.12727272727272732,0.9732142857142857,,0.4678899082568807,8889908.256880734,4211009.174311927
198,0,0,1,0,,55,0.5045871559633027,96,0.8727272727272727,4,0.03571428571428571,2,0.01834862385321101,,0.12727272727272732,0.9642857142857143,,0.47706422018348627,9445871.559633028,4675229.357798166
199,15,4,2,0,,55,0.5045871559633027,92,0.8363636363636363,6,0.05357142857142857,2,0.01834862385321101,,0.1636363636363637,0.9464285714285714,,0.47706422018348627,9493577.981651377,4722935.779816514
200,16,14,2,1,,40,0.3669724770642202,78,0.7090909090909091,8,0.07142857142857142,3,0.027522935779816515,,0.2909090909090909,0.9285714285714286,,0.6055045871559632,12110091.743119264,6055045.871559632
220,0,1,0,0,,24,0.22018348623853212,77,0.7,8,0.07142857142857142,3,0.027522935779816515,,0.30000000000000004,0.9285714285714286,,0.7522935779816513,16550458.71559633,9027522.935779816
233,1,0,0,0,,24,0.22018348623853212,77,0.7,8,0.07142857142857142,3,0.027522935779816515,,0.30000000000000004,0.9285714285714286,,0.7522935779816513,17528440.366972476,10005504.587155962
239,0,0,0,1,,23,0.21100917431192662,77,0.7,8,0.07142857142857142,4,0.03669724770642202,,0.30000000000000004,0.9285714285714286,,0.7522935779816513,17979816.513761465,10456880.733944952
240,0,1,1,0,,23,0.21100917431192662,76,0.6909090909090909,9,0.08035714285714286,4,0.03669724770642202,,0.3090909090909091,0.9196428571428571,,0.7522935779816513,18055045.87155963,10532110.091743119
249,2,6,3,1,,23,0.21100917431192662,70,0.6363636363636364,12,0.10714285714285714,5,0.045871559633027525,,0.36363636363636365,0.8928571428571429,,0.7431192660550459,18503669.724770643,11072477.064220183
250,5,16,7,1,,21,0.1926605504587156,54,0.4909090909090909,19,0.16964285714285715,6,0.05504587155963303,,0.509090909090909,0.8303571428571428,,0.7522935779816514,18807339.449541286,11284403.669724772
259,0,0,2,0,,16,0.14678899082568808,54,0.4909090909090909,21,0.1875,6,0.05504587155963303,,0.509090909090909,0.8125,,0.7981651376146789,20672477.064220183,12690825.688073395
260,0,0,0,1,,16,0.14678899082568808,54,0.4909090909090909,21,0.1875,7,0.06422018348623854,,0.509090909090909,0.8125,,0.7889908256880733,20513761.467889905,12623853.211009173
266,1,0,0,0,,16,0.14678899082568808,54,0.4909090909090909,21,0.1875,7,0.06422018348623854,,0.509090909090909,0.8125,,0.7889908256880733,20987155.96330275,13097247.706422018
280,0,1,0,1,,15,0.13761467889908258,53,0.4818181818181818,21,0.1875,8,0.07339449541284404,,0.5181818181818182,0.8125,,0.7889908256880733,22091743.11926605,14201834.86238532
289,0,1,0,0,,15,0.13761467889908258,52,0.4727272727272727,21,0.1875,8,0.07339449541284404,,0.5272727272727273,0.8125,,0.7889908256880733,22801834.862385318,14911926.605504585
290,1,2,0,0,,15,0.13761467889908258,50,0.45454545454545453,21,0.1875,8,0.07339449541284404,,0.5454545454545454,0.8125,,0.7889908256880733,22880733.944954127,14990825.688073393
299,7,13,11,4,,14,0.12844036697247707,37,0.33636363636363636,32,0.2857142857142857,12,0.11009174311926606,,0.6636363636363636,0.7142857142857143,,0.7614678899082569,22767889.90825688,15153211.009174312
300,5,16,12,8,,7,0.06422018348623854,21,0.19090909090909092,44,0.39285714285714285,20,0.1834862385321101,,0.8090909090909091,0.6071428571428572,,0.7522935779816513,22568807.33944954,15045871.559633026
301,0,0,0,1,,2,0.01834862385321101,21,0.19090909090909092,44,0.39285714285714285,21,0.1926605504587156,,0.8090909090909091,0.6071428571428572,,0.7889908256880733,23748623.853211008,15858715.596330274
320,0,1,2,0,,2,0.01834862385321101,20,0.18181818181818182,46,0.4107142857142857,21,0.1926605504587156,,0.8181818181818181,0.5892857142857143,,0.7889908256880733,25247706.422018345,17357798.165137615
329,0,0,0,1,,2,0.01834862385321101,20,0.18181818181818182,46,0.4107142857142857,22,0.2018348623853211,,0.8181818181818181,0.5892857142857143,,0.7798165137614679,25655963.302752294,17857798.165137615
340,0,0,1,1,,2,0.01834862385321101,20,0.18181818181818182,47,0.41964285714285715,23,0.21100917431192662,,0.8181818181818181,0.5803571428571428,,0.7706422018348624,26201834.86238532,18495412.8440367
349,1,3,7,1,,2,0.01834862385321101,17,0.15454545454545454,54,0.48214285714285715,24,0.22018348623853212,,0.8454545454545455,0.5178571428571428,,0.7614678899082569,26575229.357798163,18960550.458715595
350,0,8,20,7,,1,0.009174311926605505,9,0.08181818181818182,74,0.6607142857142857,31,0.28440366972477066,,0.9181818181818182,0.3392857142857143,,0.7064220183486238,24724770.642201833,17660550.458715595
360,0,1,0,2,,1,0.009174311926605505,8,0.07272727272727272,74,0.6607142857142857,33,0.30275229357798167,,0.9272727272727272,0.3392857142857143,,0.6880733944954129,24770642.201834865,17889908.256880738
365,0,1,0,0,,1,0.009174311926605505,7,0.06363636363636363,74,0.6607142857142857,33,0.30275229357798167,,0.9363636363636364,0.3392857142857143,,0.6880733944954129,25114678.89908257,18233944.954128444
380,0,1,3,0,,1,0.009174311926605505,6,0.05454545454545454,77,0.6875,33,0.30275229357798167,,0.9454545454545454,0.3125,,0.6880733944954129,26146788.99082569,19266055.045871563
390,0,0,1,1,,1,0.009174311926605505,6,0.05454545454545454,78,0.6964285714285714,34,0.3119266055045872,,0.9454545454545454,0.3035714285714286,,0.6788990825688074,26477064.220183488,19688073.394495413
399,0,3,8,4,,1,0.009174311926605505,3,0.02727272727272727,86,0.7678571428571429,38,0.3486238532110092,,0.9727272727272728,0.2321428571428571,,0.6422018348623854,25623853.211009175,19201834.86238532
400,0,2,17,18,,1,0.009174311926605505,1,0.00909090909090909,103,0.9196428571428571,56,0.5137614678899083,,0.990909090909091,0.0803571428571429,,0.47706422018348627,19082568.807339452,14311926.605504587
419,0,0,0,1,,1,0.009174311926605505,1,0.00909090909090909,103,0.9196428571428571,57,0.5229357798165137,,0.990909090909091,0.0803571428571429,,0.4678899082568808,19604587.155963305,14925688.073394498
420,0,0,0,2,,1,0.009174311926605505,1,0.00909090909090909,103,0.9196428571428571,59,0.5412844036697247,,0.990909090909091,0.0803571428571429,,0.4495412844036698,18880733.94495413,14385321.100917434
449,0,0,2,2,,1,0.009174311926605505,1,0.00909090909090909,105,0.9375,61,0.5596330275229358,,0.990909090909091,0.0625,,0.4311926605504588,19360550.4587156,15048623.853211012
450,0,0,0,8,,1,0.009174311926605505,1,0.00909090909090909,105,0.9375,69,0.6330275229357798,,0.990909090909091,0.0625,,0.35779816513761475,16100917.431192664,12522935.779816516
455,0,0,0,1,,1,0.009174311926605505,1,0.00909090909090909,105,0.9375,70,0.6422018348623854,,0.990909090909091,0.0625,,0.3486238532110092,15862385.321100919,12376146.788990827
489,0,0,1,0,,1,0.009174311926605505,1,0.00909090909090909,106,0.9464285714285714,70,0.6422018348623854,,0.990909090909091,0.0535714285714286,,0.3486238532110092,17047706.42201835,13561467.889908258
499,0,0,1,9,,1,0.009174311926605505,1,0.00909090909090909,107,0.9553571428571429,79,0.7247706422018348,,0.990909090909091,0.044642857142857095,,0.2660550458715597,13276146.78899083,10615596.330275232
500,1,1,3,20,,1,0.009174311926605505,0,0,110,0.9821428571428571,99,0.908256880733945,,1,0.017857142857142905,,0.0825688073394496,4128440.36697248,3302752.293577984
550,0,0,0,3,,0,0,0,0,110,0.9821428571428571,102,0.9357798165137615,,1,0.017857142857142905,,0.06422018348623848,3532110.0917431163,2889908.256880732
590,0,0,0,1,,0,0,0,0,110,0.9821428571428571,103,0.944954128440367,,1,0.017857142857142905,,0.05504587155963303,3247706.4220183487,2697247.7064220184
599,0,0,1,1,,0,0,0,0,111,0.9910714285714286,104,0.9541284403669725,,1,0.008928571428571397,,0.04587155963302747,2747706.4220183454,2288990.8256880706
600,0,0,1,3,,0,0,0,0,112,1,107,0.981651376146789,,1,0,,0.01834862385321101,1100917.4311926607,917431.1926605505
699,0,0,0,1,,0,0,0,0,112,1,108,0.9908256880733946,,1,0,,0.00917431192660545,641284.403669721,549541.2844036664
700,0,0,0,1,,0,0,0,0,112,1,109,1,,1,0,,0,0,0
